<?xml version="1.0" encoding="UTF-8" ?>
<!DOCTYPE struts PUBLIC 
	"-//Apache Software Foundation//DTD Struts Configuration 2.0//EN"
	"http://struts.apache.org/dtds/struts-2.0.dtd">
<struts>
	<package name="login" extends="struts-default">
		<action name="Login" class="com.login.LoginAction">
			<result name="success">/successful.jsp</result>
			<result name="error">/login.jsp</result>
		</action>
		<action name="Logon" class="com.login.LogonAction">
			<result name="success">/successful.jsp</result>
			<result name="login">/login.jsp</result>
		</action>
		<action name="ListComp" class="com.ListCompaniesAction">
			<result name="success">/listCompanies.jsp</result>
			<result name="error">/login.jsp</result>
		</action>
		<action name="Enroll" class="com.EnrollAction">
			<result name="success">/successful.jsp</result>
			<result name="error">/login.jsp</result>
			<result name="input">/enroll.jsp</result>
		</action>
		<action name="User" class="com.UserAction">
			<result name="success">/successful.jsp</result>
			<result name="error">/login.jsp</result>
			<result name="input">/user.jsp</result>
		</action>
	</package>
</struts>