<?xml version="1.0" encoding="UTF-8"?>
<!DOCTYPE struts-config PUBLIC "-//Apache Software Foundation//DTD Struts Configuration 1.3//EN"
 "http://struts.apache.org/dtds/struts-config_1_3.dtd">

<struts-config>
  <form-beans>
  	<form-bean name="loginForm" type="org.apache.struts.validator.DynaValidatorForm">
  		<form-property name="username" type="java.lang.String"></form-property>
  		<form-property name="password" type="java.lang.String"></form-property>
  	</form-bean>
  </form-beans>
  <global-exceptions />
  <global-forwards />
  <action-mappings>
  	<action path="/login" name="loginForm"
  			validate="true"
  			type="com.action.LoginAction"
  			input="/index.jsp">
  			<forward name="success" path="/successful.html"></forward>
  	</action>
  </action-mappings>
  
  <message-resources parameter="com.ApplicationResources" />
  
  <plug-in className="org.apache.struts.validator.ValidatorPlugIn">
  	<set-property property="pathnames"
  	 value="/org/apache/struts/validator/validator-rules.xml,
  	 		/WEB-INF/validation.xml"/>
  </plug-in>
  
  
</struts-config>

