<?xml version="1.0" encoding="UTF-8"?>
<persistence version="1.0"
	xmlns="http://java.sun.com/xml/ns/persistence"
	xmlns:xsi="http://www.w3.org/2001/XMLSchema-instance"
	xsi:schemaLocation="http://java.sun.com/xml/ns/persistence http://java.sun.com/xml/ns/persistence/persistence_1_0.xsd">
	<persistence-unit name="idPU" transaction-type="RESOURCE_LOCAL">
		<!-- persistence provider信息 -->
		<provider>org.hibernate.ejb.HibernatePersistence</provider>

		<!-- 数据库信息 -->
		<properties>
			<property name="hibernate.connection.username" value="openlab" />
			<property name="hibernate.connection.password" value="open123" />
			<property name="hibernate.connection.driver_class"
				value="oracle.jdbc.driver.OracleDriver" />
			<property name="hibernate.connection.url"
				value="jdbc:oracle:thin:@192.168.0.23:1521:ora10g" />
			<property name="hibernate.cache.provider_class"
				value="org.hibernate.cache.NoCacheProvider" />
			<property name="hibernate.hbm2ddl.auto" value="update" />
			<property name="hibernate.dialect"
				value="org.hibernate.dialect.OracleDialect" />
			<property name="hibernate.show_sql" value="true" />
		</properties>
	</persistence-unit>
</persistence>
