<?xml version="1.0" encoding="UTF-8"?>
<!DOCTYPE struts-config PUBLIC "-//Apache Software Foundation//DTD Struts Configuration 1.3//EN" "http://struts.apache.org/dtds/struts-config_1_3.dtd">

<struts-config>
  <form-beans>
  	<form-bean name="userForm" type="org.apache.struts.action.DynaActionForm">
  		<form-property name="username" type="java.lang.String"></form-property>
  		<form-property name="password" type="java.lang.String"></form-property>
  		<form-property name="age" type="java.lang.Integer"></form-property>
  		<form-property name="method" type="java.lang.String"></form-property>
  	</form-bean>
  </form-beans>
  <global-exceptions />
  <global-forwards />
  <action-mappings>
  	<action path="/user"
  			name="userForm"
  			type="com.user.action.UserAction"
  			parameter="method">
  			<forward name="success" path="/successful.jsp"></forward>
  	</action>
  	<action path="/userlookup"
  			name="userForm"
  			type="com.user.action.LookupUserAction"
  			parameter="method">
  			<forward name="success" path="/successful.jsp"></forward>
  	</action>
  </action-mappings>
  <message-resources parameter="com.user.ApplicationResources" />
</struts-config>

