<?xml version="1.0" encoding="UTF-8"?>

<!-- $Id: mysql-ds.xml 63175 2007-05-21 16:26:06Z rrajesh $ -->
<!--  Datasource config for MySQL using 3.0.9 available from:
http://www.mysql.com/downloads/api-jdbc-stable.html
-->

<datasources>
  <local-tx-datasource>
    <jndi-name>tarena</jndi-name>
    <connection-url>jdbc:mysql://localhost:3306/jpa</connection-url>
    <driver-class>com.mysql.jdbc.Driver</driver-class>
    <user-name>root</user-name>
    <password></password>
    <exception-sorter-class-name>org.jboss.resource.adapter.jdbc.vendor.MySQLExceptionSorter</exception-sorter-class-name>
    <!-- should only be used on drivers after 3.22.1 with "ping" support
    <valid-connection-checker-class-name>org.jboss.resource.adapter.jdbc.vendor.MySQLValidConnectionChecker</valid-connection-checker-class-name>
    -->
    <!-- sql to call when connection is created
    <new-connection-sql>some arbitrary sql</new-connection-sql>
      -->
    <!-- sql to call on an existing pooled connection when it is obtained from pool - MySQLValidConnectionChecker is preferred for newer drivers
    <check-valid-connection-sql>some arbitrary sql</check-valid-connection-sql>
      -->

    <!-- corresponding type-mapping in the standardjbosscmp-jdbc.xml -->
    <metadata>
       <type-mapping>mySQL</type-mapping>
    </metadata>
  </local-tx-datasource>
</datasources>

