<?xml version="1.0" encoding="UTF-8"?>
<!DOCTYPE struts-config PUBLIC "-//Apache Software Foundation//DTD Struts Configuration 1.2//EN" "http://struts.apache.org/dtds/struts-config_1_2.dtd">

<struts-config>
	<data-sources />
	<form-beans>
		<form-bean name="productForm"
			type="com.tarena.eshop.forms.ProductForm">
		</form-bean>
	</form-beans>
	<global-exceptions />
	<global-forwards />
	<action-mappings>
		<action path="/productAction"
			type="com.tarena.eshop.action.ProductAction" parameter="method"
			name="productForm" scope="request">
			<forward name="listProduct" path="/product/productList.jsp"></forward>
			<forward name="queryProduct" path="/productAction.do?method=queryProducts" redirect="true"></forward>
		</action>
	</action-mappings>
	<message-resources
		parameter="com.yourcompany.struts.ApplicationResources" />
</struts-config>

