<?xml version="1.0" encoding="UTF-8"?>
<beans
	xmlns="http://www.springframework.org/schema/beans"
	xmlns:xsi="http://www.w3.org/2001/XMLSchema-instance"
	xsi:schemaLocation="http://www.springframework.org/schema/beans http://www.springframework.org/schema/beans/spring-beans-2.0.xsd">

	<!-- 注册DBBean -->
	<bean id="db" class="tarena.web.DBBean">
		<property name="driver">
			<value>com.mysql.jdbc.Driver</value>
		</property>
		<property name="url">
			<value>jdbc:mysql://localhost:3306/test</value>
		</property>
		<property name="user">
			<value>root</value>
		</property>
		<property name="password">
			<value>root</value>
		</property>
	</bean>
</beans>



