<?xml version="1.0" encoding="UTF-8"?>
<!DOCTYPE struts-config 
	PUBLIC "-//Apache Software Foundation//DTD Struts Configuration 1.3//EN" 
	"http://struts.apache.org/dtds/struts-config_1_3.dtd">

<struts-config>
	<form-beans>
		<form-bean name="loginForm" type="com.struts.form.LoginForm"></form-bean>
	</form-beans>
	<global-exceptions />
	<global-forwards />
	<action-mappings>
		<action path="/login" 
				name="loginForm"
				type="com.struts.action.LoginAction">
				<forward name="success" path="/successful.jsp"></forward>
				<forward name="fail" path="/fail.jsp"></forward>
		</action>
	</action-mappings>
	<message-resources
		parameter="com.struts.Login" />
</struts-config>