<?xml version="1.0" encoding="UTF-8"?>
<!DOCTYPE beans PUBLIC "-//SPRING//DTD BEAN 2.0//EN" "http://www.springframework.org/dtd/spring-beans-2.0.dtd" >
<beans>
	<bean id="dataSource" class="org.springframework.jdbc.datasource.DriverManagerDataSource">
		<property name="driverClassName">
			<value>com.mysql.jdbc.Driver</value>
		</property>
		<property name="url">
			<value>jdbc:mysql://localhost:3306/tarena</value>
		</property>
		<property name="username">
			<value>root</value>
		</property>
		<property name="password">
			<value>root</value>
		</property>
	</bean>
	
	<bean id="dao" class="com.dao.JdbcAccountDao">
		<property name="dataSource">
			<ref bean="dataSource"/>
		</property>
	</bean>
	
	<bean id="transactionManager" class="org.springframework.jdbc.datasource.DataSourceTransactionManager">
		<property name="dataSource">
			<ref bean="dataSource"/>
		</property>
	</bean>
	
	<bean id="daoProxy" class="org.springframework.transaction.interceptor.TransactionProxyFactoryBean">
		<property name="transactionManager">
			<ref bean="transactionManager"/>
		</property>
		<property name="target">
			<ref bean="dao"/>
		</property>
		<property name="transactionAttributes">
			<props>
				<prop key="*">
					PROPAGATION_REQUIRED
				</prop>
			</props>
		</property>
	</bean>
</beans>
