<?xml version="1.0" encoding="UTF-8"?>
<ejb-jar version="3.0" xmlns="http://java.sun.com/xml/ns/javaee"
	xmlns:xsi="http://www.w3.org/2001/XMLSchema-instance"
	xsi:schemaLocation="http://java.sun.com/xml/ns/javaee
	 http://java.sun.com/xml/ns/javaee/ejb-jar_3_0.xsd ">
	 
	<!-- 1.第一种拦截器：部署在标准部署描述符文中的拦截称为缺省拦截器 -->
	<assembly-descriptor>
		<interceptor-binding>
			<!-- *通配符，表示会拦截本EJB工程中的全部EJB -->
			<ejb-name>*</ejb-name>
			<interceptor-class>
				interceptors.LogInterceptors
			</interceptor-class>
		</interceptor-binding>

	</assembly-descriptor>

</ejb-jar>
