<?xml version="1.0" encoding="UTF-8"?>
<!DOCTYPE struts-config PUBLIC "-//Apache Software Foundation//DTD Struts Configuration 1.3//EN" "http://struts.apache.org/dtds/struts-config_1_3.dtd">

<struts-config>
  <form-beans>
  	<form-bean name="loginForm" type="org.apache.struts.action.DynaActionForm">
  		<form-property name="username" type="java.lang.String"></form-property>
  		<form-property name="password" type="java.lang.String"></form-property>
  	</form-bean>
  </form-beans>
  <global-exceptions />
  <global-forwards />
  <action-mappings>
  	<action path="/login" name="loginForm"
  			type="com.action.LoginAction">
  			<forward name="success" path="/successful.jsp"></forward>
  	</action>
  </action-mappings>
  
  <controller processorClass="com.controller.SecurityRequestProcessor"></controller>
  <message-resources parameter="com.controller.ApplicationResources" />
  
  
</struts-config>

