<?xml version="1.0" encoding="UTF-8"?>
<!DOCTYPE struts-config PUBLIC "-//Apache Software Foundation//DTD Struts Configuration 1.2//EN" "http://struts.apache.org/dtds/struts-config_1_2.dtd">

<struts-config>
  <data-sources />
  <form-beans />
  <global-exceptions />
  <global-forwards />
  <action-mappings>
  	<action path="/add" type="">
  		<forward name="index" path="/index.jsp"></forward>
  	</action>
  </action-mappings>
  <controller processorClass="org.springframework.web.struts.DelegatingRequestProcessor"/>
  
  <message-resources parameter="com.yourcompany.struts.ApplicationResources" />
</struts-config>

