<?xml version="1.0" encoding="UTF-8" ?>
<!DOCTYPE struts PUBLIC 
	"-//Apache Software Foundation//DTD Struts Configuration 2.0//EN"
	"http://struts.apache.org/dtds/struts-2.0.dtd">
<struts>
 <package name="login" extends="struts-default">
		
		<action name="Logon" class="com.LogonAction">
			<result name="success">/successful.jsp</result>
			<result name="login">/logon.jsp</result>
		</action>
		<action name="ListComp" class="com.ListCompaniesAction">
			<result name="success">/listCompanies.jsp</result>
			<result name="error">/logon.jsp</result>
		</action>
		
	</package>
</struts>