<?xml version="1.0" encoding="UTF-8"?>
<!DOCTYPE beans PUBLIC "-//SPRING//DTD BEAN//EN" "http://www.springframework.org/dtd/spring-beans.dtd">

<beans>

	<!-- 注册DataSource -->
	<bean id="dataSource"
		class="org.springframework.jdbc.datasource.DriverManagerDataSource">
		<property name="driverClassName">
			<value>com.mysql.jdbc.Driver</value>
		</property>
		<property name="url">
			<value>jdbc:mysql://localhost:3306/test</value>
		</property>
		<property name="username">
			<value>root</value>
		</property>
		<property name="password">
			<value>root</value>
		</property>
	</bean>


	<!-- 注册SessionFactory -->
	<bean id="sessionFactory"
		class="org.springframework.orm.hibernate3.LocalSessionFactoryBean">
		<property name="dataSource">
			<ref bean="dataSource" />
		</property>
		<property name="mappingResources">
			<list>
				<value>tarena/persistence/Staff.hbm.xml</value>
			</list>
		</property>
		<property name="hibernateProperties">
			<props>
				<prop key="hibernate.dialect">
					org.hibernate.dialect.MySQLDialect
				</prop>
			</props>
		</property>
	</bean>


	<!-- 注册StaffDaoImpl -->
	<bean id="StaffDaoImpl" class="tarena.persistence.StaffDaoImpl">
		<property name="sessionFactory">
			<ref bean="sessionFactory" />
		</property>
	</bean>
	
	
	
	<!-- 注册StaffAction -->
	<bean name="/staff" class="tarena.web.StaffAction">
		<property name="staffDao">
			<ref bean="StaffDaoImpl"/>
		</property>
	</bean>

</beans>












