<?xml version="1.0" encoding="UTF-8"?>
<!DOCTYPE struts-config PUBLIC "-//Apache Software Foundation//DTD Struts Configuration 1.3//EN"
 "http://struts.apache.org/dtds/struts-config_1_3.dtd">

<struts-config>
  <form-beans>
  	<form-bean name="loginform" type="com.form.LoginForm"></form-bean>
  	<form-bean name="logonForm" type="org.apache.struts.action.DynaActionForm">
  		<form-property name="username" type="java.lang.String"></form-property>
  		<form-property name="password" type="java.lang.String"></form-property>  		
  	</form-bean>
  </form-beans>
  <global-exceptions />
  <global-forwards />
  <action-mappings>
  	<action path="/pre"
  			type="com.action.PreAction">
  			<forward name="logon" path="/server/login.jsp"></forward>
  	</action>
  	<action path="/logon"
  			name="logonForm"
  			type="com.action.LogonAction">
  			<forward name="success" path="/successful.jsp"></forward>
  			<forward name="duplicateSubmit" path="/duplicateSubmit.jsp"></forward>
  	</action>
  	<action path="/login" 
  			name="loginform"
  			type="com.action.LoginAction">
  			<forward name="success" path="/successful.jsp"></forward>
  	</action>
  </action-mappings>
  <message-resources parameter="com.duplicate.ApplicationResources" />
</struts-config>

