<?xml version="1.0" encoding="UTF-8"?>
<ejb-jar version="3.0" xmlns="http://java.sun.com/xml/ns/javaee"
	xmlns:xsi="http://www.w3.org/2001/XMLSchema-instance"
	xsi:schemaLocation="http://java.sun.com/xml/ns/javaee
	 http://java.sun.com/xml/ns/javaee/ejb-jar_3_0.xsd ">
	
	<enterprise-beans>
		<session>
			<ejb-name>Hello11</ejb-name>
			<!--只写<remote>，远程、本地都不行。就像两个都没写一样。为什么？？-->
		 <remote>ejb.IHello</remote> 
		 <!-- 只写<local>，远程、本地都有效。remote，local都有；为什么？？ -->
		 <local>ejb.IHello</local>
			<ejb-class>ejb.HelloImpl</ejb-class>
			<session-type>Stateless</session-type>
			<transaction-type>Container</transaction-type>
		</session>
		<!-- Hello11的 remote,local可以两个都写；远程、本地都有效；两个都不写，远程、本地都无效 -->
			<!-- 没有jboss.xml时，只写<remote>则远程、本地都可调用 -->
		
		<session>
			<ejb-name>Welcome</ejb-name>
		 <remote>ejb.IWelcome</remote>
			<ejb-class>ejb.WelcomeImpl</ejb-class>
			<session-type>Stateless</session-type>
			<transaction-type>Container</transaction-type>
		</session>
		
	</enterprise-beans>

</ejb-jar>


<!-- 一旦有这个文件，所有需要调用的文件都必须要写上，
否则就不能调用 (就算类里有remote标志也不行) -->

<!-- 问题：
  配置Welcome时，只用<remote>，它可以用 Welcome 远程调用；
  只用 <local> ，它也可以用Welcome远程调用。
  而两个都不写，还是可以用Welcome远程调用。
  连Welcome的<session>都不写，它还可以用 WelcomeImpl 调用。
  为什么Hello11的情况不是这样？？-->
