<?xml version="1.0" encoding="UTF-8"?>

<jboss>
	<enterprise-beans>
		<session>
			<ejb-name>Hello11</ejb-name>
			<jndi-name>aaa</jndi-name>
		</session>
	</enterprise-beans>
</jboss>

<!-- 这文件只是为了绑定名字；
  如果删除此文件，则 TestLocal 测试类中用 lookup("Hello11/remote") 也可行
  因为这时 HelloImpl 是remote 和 local都有的；
  但加上这个文件之后，HelloImpl 变成只有local的，不能再远程调用
  要用远程，用"aaa"，因为它的远程调用名字已经改变了 -->
