<?xml version="1.0" encoding="UTF-8"?>
<!DOCTYPE struts-config PUBLIC "-//Apache Software Foundation//DTD Struts Configuration 1.3//EN" "http://struts.apache.org/dtds/struts-config_1_3.dtd">

<struts-config>
  <form-beans>
  	<form-bean name="uploadForm" type="com.form.FileUploadForm"></form-bean>
  </form-beans>
  <global-exceptions />
  <global-forwards />
  <action-mappings>
  	<action path="/fileupload" 
  			name="uploadForm"
  			type="com.action.FileuploadAction">
  			<forward name="success" path="/successful.jsp"></forward>
  	</action>
  </action-mappings>
  <message-resources parameter="com.yourcompany.struts.ApplicationResources" />
</struts-config>

