<?xml version="1.0" encoding="UTF-8"?>
<!DOCTYPE struts-config PUBLIC "-//Apache Software Foundation//DTD Struts Configuration 1.3//EN"
 "http://struts.apache.org/dtds/struts-config_1_3.dtd">

<struts-config>
  <form-beans />
  <global-exceptions />
  <global-forwards />
  <action-mappings />

  <message-resources parameter="com.titls" />
  <plug-in className="org.apache.struts.tiles.TilesPlugin">
        <set-property property="definitions-config"
                  value="/WEB-INF/tiles-define.xml"/>
  </plug-in>
</struts-config>
