<?xml version="1.0" encoding="UTF-8"?>

<!DOCTYPE tiles-definitions PUBLIC
           "-//Apache Software Foundation//DTD Tiles Configuration 1.3//EN"
           "http://struts.apache.org/dtds/tiles-config_1_3.dtd">

           
    <tiles-definitions>
        <definition name="mainspace1" page="/mainspace/baselayout.jsp">
            <put name="title" value="Main Space"></put>
            <put name="header" value="/mainspace/header.html"></put>
            <put name="footer" value="/mainspace/footer.html"></put>
            <put name="body" value="/mainspace/body.html"></put>
            <put name="navigator" value="/mainspace/navigator.html"></put>
        </definition>
        
        <definition name="user" extends="mainspace1">
            <put name="title" value="User Manager Space"></put>
            <put name="body" value="/usermanager/main.jsp"></put>
        </definition>
    </tiles-definitions>
    
    