<?xml version="1.0" encoding="UTF-8"?>
<beans
	xmlns="http://www.springframework.org/schema/beans"
	xmlns:xsi="http://www.w3.org/2001/XMLSchema-instance"
	xsi:schemaLocation="http://www.springframework.org/schema/beans 
	http://www.springframework.org/schema/beans/spring-beans-2.0.xsd">

   <!-- 注册ArrayBean -->
   <bean id="arrayBean" class="arrayPackage.ArrayBean">
      <property name="books">
          <list>
             <value>OOAD</value>
             <value>XML</value>
             <value>HTML</value>
             <value>Spring</value>
          </list>
      </property>
   </bean>
  
</beans>