<?xml version="1.0" encoding="utf-8"?>
<!DOCTYPE hibernate-mapping PUBLIC "-//Hibernate/Hibernate
Mapping DTD 3.0//EN"
"http://hibernate.sourceforge.net/hibernate-mapping-3.0.dtd">

<hibernate-mapping>
  <class name="SpringHibernate.User" table="staff" catalog="test">
     <id name="userId" type="integer"><!-- User.java里的属性 -->
        <column name="id" /><!-- mysql数据库的test目录里的staff表的相应字段 -->
        <generator class="increment" />
     </id>
     <property name="userName" type="string">
        <column name="name" length="20" />
     </property>
     <property name="userGender" type="string">
       <column name="gender" length="1" />
     </property>
  </class>
</hibernate-mapping>


     