<?xml version="1.0" encoding="UTF-8"?>
<!DOCTYPE struts-config PUBLIC "-//Apache Software Foundation//DTD Struts Configuration 1.3//EN" "http://struts.apache.org/dtds/struts-config_1_3.dtd">

<struts-config>
  <form-beans >
     <form-bean name="loginForm" type="com.Struts.form.LoginForm"></form-bean>
  </form-beans>
  
	<global-exceptions>
		<exception type="com.Struts.exception.UnAuthException"
							key="error.unauthorization"
							path="/unauthorization.jsp">
				</exception>
	</global-exceptions>
	
	<global-forwards>
		<forward name="success" path="/successful.jsp"></forward>
	</global-forwards>
	
  <action-mappings >
       <action path="/login" name="loginForm" type="com.Struts.action.LoginAction"
               validate="true" input="/Login.jsp" >
       		<exception key="errors.noauthorization" 
         						type="com.exception.NoAuthorizationException" 
           					path="/noauthorization.jsp">
			     </exception>
         <forward name="current" path="/Login.jsp"></forward>
         <forward name="fail" path="/fail.jsp"></forward>
       </action>
  </action-mappings>
  <message-resources parameter="com.Struts.Login" />
</struts-config>
