<?xml version="1.0" encoding="UTF-8"?>
<!DOCTYPE struts-config PUBLIC "-//Apache Software Foundation//DTD Struts Configuration 1.2//EN" "http://struts.apache.org/dtds/struts-config_1_2.dtd">

<struts-config>
	<data-sources />
	<form-beans>
    <form-bean name="cartForm" type="form.CartForm" />
	
	</form-beans>
	<global-exceptions />
	<global-forwards />
	<action-mappings>
		<action
      attribute="cartForm"
      name="cartForm"
      parameter="method"
      path="/cart"
      scope="request"
      type="action.CartAction">
      <forward name="success" path="/cart/success.jsp" />
      <forward name="error" path="/cart/error.jsp" />
      <forward name="placeOrder" path="/cart/placeOrder.jsp" />
      <forward name="orderSuccess" path="/cart/orderSuccess.jsp" />
    </action>
	</action-mappings>

	<message-resources parameter="" />
</struts-config>

