﻿<?xml version="1.0" encoding="UTF-8"?>
<!DOCTYPE struts-config PUBLIC "-//Apache Software Foundation//DTD Struts Configuration 1.3//EN"
 "http://struts.apache.org/dtds/struts-config_1_3.dtd">

<struts-config>
  <form-beans>
  	<form-bean name="enrollForm" type="org.apache.struts.validator.DynaValidatorForm">
  		<form-property name="username" type="java.lang.String"></form-property>
  		<form-property name="password" type="java.lang.String"></form-property>
  		<form-property name="age" type="java.lang.String"></form-property><!-- 用Integer会变0 -->
  		<form-property name="birthday" type="java.lang.String"></form-property>
  		<form-property name="email" type="java.lang.String"></form-property><!-- 用java.util.Date会报错 -->

  	</form-bean>
  </form-beans>
  <global-exceptions />
  <global-forwards />
  <action-mappings>
  	<action path="/enroll" name="enrollForm"
  			validate="true"
  			type="com.action.EnrollAction"
  			input="/index.jsp"><!-- input是出错处理页面，在本页提示 -->
  			<forward name="success" path="/successful.html"></forward>
  	</action>
  </action-mappings>

  
  <message-resources parameter="com.ApplicationResources" />
  
  <plug-in className="org.apache.struts.validator.ValidatorPlugIn">
  	<set-property property="pathnames"
  	 value="/org/apache/struts/validator/validator-rules.xml,
  	 		/WEB-INF/validation.xml"/>
  </plug-in><!-- 校验的插件 -->
  
  
</struts-config>

