<?xml version="1.0" encoding="UTF-8"?>
<!DOCTYPE hibernate-mapping PUBLIC "-//Hibernate/Hibernate Mapping DTD 3.0//EN" "http://hibernate.sourceforge.net/hibernate-mapping-3.0.dtd" >
<hibernate-mapping>
	<class name="com.pojo.Account" table="account">
		<id name="id">
			<column name="id"></column>
			<generator class="assigned"></generator>
		</id>
		<property name="name">
			<column name="name"></column>
		</property>
		<property name="balance">
			<column name="balance"></column>
		</property>
	</class>
</hibernate-mapping>
