<?xml version="1.0" encoding="UTF-8"?>
<!DOCTYPE beans PUBLIC "-//SPRING//DTD BEAN 2.0//EN" "http://www.springframework.org/dtd/spring-beans-2.0.dtd" >
<beans>
	<bean id="dataSource" class="org.springframework.jdbc.datasource.DriverManagerDataSource">
		<property name="driverClassName">
			<value>com.mysql.jdbc.Driver</value>
		</property>
		<property name="url">
			<value>jdbc:mysql://localhost:3306/tarena</value>
		</property>
		<property name="username">
			<value>root</value>
		</property>
		<property name="password">
			<value>root</value>
		</property>
	</bean>
	
	<bean id="dao" class="com.dao.JdbcAccountDao">
		<constructor-arg>
			<ref bean="dataSource"/>
		</constructor-arg>
	</bean>
</beans>
