<?xml version="1.0" encoding="UTF-8"?>
<beans
	xmlns="http://www.springframework.org/schema/beans"
	xmlns:xsi="http://www.w3.org/2001/XMLSchema-instance"
	xsi:schemaLocation="http://www.springframework.org/schema/beans 
	http://www.springframework.org/schema/beans/spring-beans-2.0.xsd">

    <!-- 向springIOC容器中注册HelloBean -->
  <bean id="hb" class="ConstructSetBean.HelloBean">
             <!-- 通过构造方法实例化和注入值-->
     <constructor-arg index="0">
       <value>张三</value>
     </constructor-arg>
     <constructor-arg index="1">
       <value>22</value>
     </constructor-arg>
  </bean>
     
     <!-- 初始化方法二  -->
     <!-- 
     <bean id="hb" class="ConstructSetBean.HelloBean">
          <constructor-arg index="0" value="Tom"/>
          <constructor-arg index="1" value="22"/>
     </bean>
      -->
  
</beans>
